,Year,Car,Position,Lap,Gap Before Pit,Laps Until Front Car Pit,Stint,Front Car Stint,Passed
0,2022,59.0,13,112.0,1.058999999999287,19.0,9.5,28.0,0
1,2022,57.0,6,199.0,4.326000000000931,0.0,17.0,26.5,1
2,2022,57.0,2,487.0,0.6110000000044238,0.0,21.5,16.5,1
3,2022,57.0,3,517.0,4.268000000003667,0.0,27.0,27.0,0
4,2022,57.0,3,528.0,1.7740000000048894,20.0,10.0,30.0,0
5,2022,12.0,6,42.0,0.1129999999993742,18.0,10.0,27.5,0
6,2022,70.0,9,200.0,2.2769999999982247,28.0,27.0,29.5,1
7,2022,70.0,3,337.0,1.440999999998894,0.0,26.5,27.0,0
8,2022,70.0,2,517.0,2.922999999995227,2.0,27.0,28.5,1
9,2022,75.0,7,29.0,2.624000000000251,1.0,27.0,27.5,0
10,2022,32.0,3,199.0,0.7949999999982538,0.0,26.5,26.5,0
11,2022,32.0,2,248.0,0.5910000000003492,0.0,14.5,14.5,0
12,2022,32.0,2,274.0,4.927999999999884,0.0,19.5,19.5,1
13,2022,32.0,5,337.0,1.3629999999975553,0.0,27.0,27.0,1
14,2022,32.0,5,517.0,5.992999999994936,0.0,27.0,27.0,0
15,2022,39.0,8,27.0,2.103000000000065,3.0,26.0,27.5,0
16,2022,39.0,10,130.0,0.2960000000002765,29.0,18.0,28.0,0
17,2022,39.0,4,178.0,1.0889999999999418,21.0,14.5,26.5,0
18,2022,98.0,6,28.0,0.98299999999972,2.0,26.5,27.5,0
19,2022,44.0,7,337.0,5.8729999999995925,0.0,26.5,27.0,1
20,2022,44.0,5,487.0,5.568999999995867,0.0,18.5,13.5,0
21,2022,47.0,4,42.0,0.5379999999995562,17.0,10.0,27.0,0
22,2022,19.0,8,273.0,5.936999999998079,2.0,18.5,15.5,0
23,2022,19.0,8,397.0,0.5970000000015716,5.0,27.0,27.5,0
24,2022,16.0,12,122.0,0.8350000000009459,9.0,20.5,28.0,0
25,2022,16.0,5,169.0,1.1589999999996508,0.0,13.0,6.0,0
26,2022,16.0,4,248.0,1.6919999999990978,0.0,15.5,15.5,1
27,2022,16.0,4,305.0,0.5509999999994761,0.0,27.0,27.5,1
28,2022,16.0,2,337.0,3.3510000000023865,0.0,27.0,27.0,1
29,2022,16.0,3,487.0,2.227999999995518,0.0,13.5,21.5,1
30,2022,21.0,19,29.0,7.644999999999982,1.0,27.0,27.5,0
31,2022,21.0,2,160.0,0.8220000000001164,0.0,27.0,27.0,1
32,2022,21.0,4,199.0,5.530000000002474,0.0,26.5,26.5,0
33,2022,21.0,5,248.0,0.7649999999994179,0.0,14.5,14.5,1
34,2022,21.0,4,274.0,2.730999999999767,0.0,19.5,14.0,0
35,2022,21.0,5,462.0,7.364000000001397,25.0,27.0,21.5,0
36,2022,66.0,15,98.0,1.9920000000001887,14.0,18.5,9.5,1
37,2022,66.0,2,199.0,2.356999999999971,0.0,26.5,26.5,0
38,2022,66.0,7,229.0,7.936999999998079,0.0,27.0,27.0,0
39,2022,66.0,5,274.0,2.6129999999975557,0.0,19.5,19.5,0
40,2022,66.0,4,337.0,1.2839999999996508,0.0,27.0,26.5,0
41,2022,96.0,15,26.0,0.4529999999999745,4.0,25.0,27.5,0
42,2022,96.0,7,127.0,6.974999999998545,4.0,25.5,28.0,0
43,2022,96.0,5,199.0,2.705999999998312,0.0,26.5,26.5,1
44,2022,96.0,6,248.0,1.2330000000001746,0.0,15.5,15.5,1
45,2022,99.0,11,59.0,0.9399999999995998,2.0,27.0,29.0,0
46,2022,27.0,3,248.0,3.52900000000227,0.0,16.5,14.5,0
47,2022,27.0,6,274.0,2.36699999999837,0.0,19.5,19.5,0
48,2022,42.0,19,30.0,2.03899999999976,0.0,27.0,0.0,1
49,2022,42.0,19,54.0,0.0300000000006548,7.0,22.0,29.0,0
50,2022,42.0,8,275.0,2.526000000005297,0.0,20.0,20.0,1
51,2022,42.0,6,391.0,7.705000000001746,12.0,16.0,24.0,0
52,2022,42.0,5,436.0,2.871000000006461,29.0,11.0,26.5,0
53,2022,42.0,9,489.0,5.099999999998545,27.0,13.5,28.0,1
54,2023,75.0,3,70.0,4.606999999999971,25.0,9.5,29.0,1
55,2023,75.0,5,99.0,0.7960000000002765,0.0,25.5,25.5,0
56,2023,75.0,5,129.0,1.1919999999990978,1.0,28.0,29.0,1
57,2023,75.0,6,222.0,2.2619999999988067,9.0,21.0,30.0,0
58,2023,32.0,2,291.0,1.7669999999998254,0.0,20.0,20.0,0
59,2023,32.0,3,521.0,4.52100000000064,0.0,21.0,29.0,1
60,2023,93.0,3,291.0,0.4219999999986612,0.0,22.0,20.0,1
61,2023,93.0,7,368.0,4.098000000005413,0.0,11.0,11.0,0
62,2023,93.0,5,680.0,1.4569999999948775,0.0,19.0,19.5,0
63,2023,93.0,6,703.0,2.210000000006403,1.0,20.0,21.0,0
64,2023,70.0,3,23.0,0.80600000000004,5.0,21.0,26.0,1
65,2023,70.0,4,66.0,7.717999999999847,4.0,11.0,9.5,1
66,2023,70.0,3,99.0,3.622999999999593,0.0,27.5,25.5,0
67,2023,70.0,5,157.0,0.2639999999992142,3.0,26.0,28.0,0
68,2023,70.0,6,255.0,2.220000000001164,12.0,24.0,12.5,0
69,2023,70.0,2,287.0,2.161000000000058,4.0,17.5,20.0,1
70,2023,70.0,2,368.0,1.3499999999985448,21.0,16.0,30.5,1
71,2023,12.0,4,291.0,4.633999999998196,28.0,20.0,28.0,1
72,2023,12.0,4,680.0,4.968999999997322,0.0,19.5,20.5,0
73,2023,12.0,5,704.0,1.9869999999937136,0.0,21.0,21.0,0
74,2023,1.0,9,29.0,0.474999999999909,0.0,27.0,27.0,1
75,2023,1.0,8,99.0,1.114000000001397,0.0,25.5,25.5,1
76,2023,96.0,11,27.0,3.244000000000142,2.0,25.0,27.0,1
77,2023,96.0,11,70.0,2.0330000000003565,0.0,11.0,7.0,0
78,2023,47.0,10,25.0,6.635000000000218,4.0,22.5,27.0,0
79,2023,44.0,4,99.0,4.581000000000131,0.0,25.5,27.5,0
80,2023,44.0,7,291.0,7.73399999999674,0.0,27.0,20.0,0
81,2023,44.0,3,656.0,0.294000000008964,0.0,18.5,18.5,1
82,2023,44.0,3,680.0,1.3559999999997672,0.0,20.5,20.5,1
83,2023,44.0,4,704.0,3.156999999991968,0.0,21.0,21.0,1
84,2023,66.0,12,29.0,0.4940000000001419,0.0,27.0,27.0,1
85,2023,66.0,6,99.0,1.0120000000006255,0.0,25.5,25.5,1
86,2023,66.0,7,681.0,1.5720000000001164,0.0,20.5,16.5,0
87,2023,66.0,5,698.0,1.551999999996042,6.0,14.5,21.0,0
88,2023,78.0,10,70.0,1.5969999999997526,0.0,10.0,10.0,1
89,2023,78.0,7,99.0,2.0099999999983997,0.0,25.5,25.5,0
90,2023,78.0,9,129.0,7.606999999999971,0.0,28.0,28.0,1
91,2023,78.0,10,291.0,3.217000000004191,0.0,19.5,16.5,0
92,2023,78.0,9,629.0,3.767000000007101,0.0,13.0,4.5,0
93,2023,27.0,6,95.0,0.7530000000006112,4.0,23.0,25.5,1
94,2023,27.0,5,291.0,5.6120000000009895,0.0,20.0,27.0,1
95,2023,27.0,3,368.0,6.983000000000175,0.0,11.0,13.0,0
96,2023,23.0,13,700.0,6.720000000001164,0.0,24.0,24.0,1
97,2023,83.0,14,91.0,1.0690000000013242,9.0,28.0,25.5,0
98,2023,57.0,5,29.0,8.932000000000244,1.0,27.0,27.5,1
99,2023,57.0,2,99.0,0.2810000000008585,0.0,25.5,25.5,1
100,2023,57.0,2,252.0,6.516999999999825,1.0,28.0,29.0,0
101,2023,57.0,2,267.0,3.49500000000262,0.0,12.5,11.5,1
102,2023,57.0,4,368.0,7.432999999997264,0.0,13.0,16.0,0
103,2023,57.0,2,656.0,5.565999999991618,0.0,19.5,19.5,1
104,2023,57.0,2,680.0,4.658000000010361,0.0,20.5,20.5,1
105,2023,57.0,2,704.0,8.584000000002561,4.0,21.0,23.0,1
106,2023,21.0,11,29.0,1.6189999999996871,0.0,27.0,27.0,1
107,2023,21.0,14,100.0,2.466999999998734,0.0,26.0,25.5,0
108,2023,21.0,11,367.0,9.209999999999129,0.0,11.0,11.0,1
109,2023,16.0,13,100.0,2.835000000000946,0.0,25.5,25.5,0
110,2023,16.0,10,292.0,1.1919999999954598,0.0,20.0,20.0,1
111,2023,91.0,15,29.0,9.411000000000058,29.0,27.0,29.0,0
112,2023,91.0,12,100.0,3.395000000000437,28.0,25.5,29.5,1
113,2023,91.0,14,287.0,6.790000000000873,0.0,19.5,13.0,0
114,2023,19.0,18,60.0,7.502000000000407,0.0,24.0,24.0,1
115,2023,19.0,14,365.0,1.1710000000020957,1.0,13.5,10.0,1
116,2024,12.0,8,141.0,1.9589999999989232,0.0,12.5,12.5,0
117,2024,12.0,6,199.0,4.598000000001775,0.0,19.0,22.5,1
118,2024,12.0,5,585.0,0.9839999999967404,0.0,10.0,22.0,1
119,2024,66.0,3,19.0,1.1119999999996253,0.0,16.0,16.0,1
120,2024,66.0,10,199.0,0.5149999999994179,0.0,21.0,7.0,0
121,2024,66.0,13,246.0,1.798000000002503,0.0,11.0,13.0,1
122,2024,66.0,12,267.0,9.644000000000233,11.0,19.5,30.5,0
123,2024,86.0,10,19.0,1.6039999999998145,0.0,16.0,16.0,1
124,2024,34.0,4,19.0,2.71100000000024,0.0,16.0,16.0,1
125,2024,34.0,12,91.0,8.33299999999872,5.0,22.0,9.5,0
126,2024,34.0,16,141.0,1.9240000000027069,0.0,14.0,10.0,0
127,2024,34.0,4,172.0,0.0779999999977008,5.0,26.0,32.0,0
128,2024,34.0,4,199.0,1.5599999999976717,0.0,24.5,19.5,0
129,2024,34.0,7,246.0,0.6490000000012515,0.0,9.5,13.0,1
130,2024,34.0,4,585.0,3.2379999999975557,0.0,22.0,13.0,0
131,2024,45.0,16,19.0,0.7109999999997854,0.0,16.0,16.0,0
132,2024,47.0,6,19.0,0.4690000000000509,0.0,16.0,16.0,1
133,2024,47.0,2,141.0,1.1710000000020957,18.0,14.5,30.0,1
134,2024,47.0,2,199.0,1.0599999999976717,0.0,21.5,19.5,0
135,2024,47.0,8,246.0,2.348999999998341,0.0,13.0,13.0,1
136,2024,47.0,4,386.0,1.1860000000015134,0.0,12.0,15.0,1
137,2024,47.0,4,417.0,0.9690000000045984,4.0,27.0,30.0,0
138,2024,23.0,2,19.0,0.3859999999999672,1.0,16.0,16.5,1
139,2024,23.0,11,141.0,4.847000000001572,0.0,10.5,10.5,1
140,2024,23.0,17,173.0,6.902999999998428,0.0,25.5,25.5,1
141,2024,23.0,17,200.0,1.3880000000026484,0.0,23.0,24.5,0
142,2024,23.0,15,246.0,3.324000000000524,0.0,13.0,13.5,0
143,2024,78.0,15,14.0,1.5860000000000127,5.0,13.0,16.0,0
144,2024,70.0,5,19.0,1.1419999999998254,0.0,16.0,16.0,0
145,2024,70.0,9,141.0,0.4799999999995634,0.0,10.5,10.5,1
146,2024,70.0,3,199.0,6.832000000002154,0.0,19.5,21.5,1
147,2024,70.0,6,246.0,1.9599999999991269,0.0,10.5,9.5,1
148,2024,70.0,3,386.0,2.264000000002852,0.0,15.0,7.0,0
149,2024,17.0,7,19.0,8.088000000000193,0.0,16.0,16.0,0
150,2024,17.0,19,199.0,4.639999999999418,0.0,21.0,21.0,1
151,2024,17.0,19,245.0,3.1589999999996508,27.0,11.0,30.0,0
152,2024,21.0,12,51.0,6.581000000000131,1.0,26.5,28.0,0
153,2024,21.0,13,85.0,8.972999999999956,11.0,23.5,32.5,1
154,2024,21.0,6,141.0,4.800999999999476,0.0,13.0,11.5,0
155,2024,21.0,10,174.0,7.50800000000163,0.0,21.0,20.0,0
156,2024,21.0,7,199.0,0.7069999999985157,0.0,22.0,22.0,1
157,2024,21.0,12,246.0,6.765999999999622,0.0,14.0,12.0,0
158,2024,21.0,8,503.0,9.469999999993888,14.0,21.5,30.0,1
159,2024,83.0,15,19.0,2.343000000000302,0.0,16.0,16.0,1
160,2024,83.0,13,141.0,2.630000000001018,0.0,11.0,9.0,0
161,2024,83.0,11,246.0,1.54399999999805,0.0,13.0,11.0,1
162,2024,83.0,11,387.0,5.732000000003609,1.0,9.5,2.5,1
163,2024,43.0,17,19.0,0.7420000000001892,0.0,16.0,16.0,1
164,2024,43.0,12,114.0,2.337999999999738,13.0,16.5,29.5,1
165,2024,43.0,12,141.0,3.966000000000349,0.0,23.0,23.0,1
166,2024,43.0,13,199.0,0.6409999999996217,0.0,21.0,19.0,0
167,2024,43.0,9,246.0,1.4860000000007858,0.0,13.0,12.0,0
168,2024,55.0,12,19.0,0.8899999999998727,0.0,16.0,16.0,1
169,2024,55.0,15,141.0,1.80199999999968,0.0,10.0,12.5,0
170,2024,55.0,8,199.0,2.25800000000163,0.0,21.0,20.0,0
171,2024,55.0,5,246.0,2.097000000001572,0.0,13.5,10.5,0
172,2024,32.0,11,19.0,0.955000000000382,0.0,16.0,16.0,1
173,2024,32.0,4,51.0,0.5090000000000146,1.0,27.0,28.0,0
174,2024,32.0,5,96.0,3.4549999999999272,29.0,9.5,29.5,1
175,2024,32.0,4,141.0,1.1260000000002035,0.0,10.5,17.5,1
176,2024,32.0,3,246.0,3.025999999998021,0.0,13.5,13.5,1
177,2024,32.0,4,274.0,3.831000000005588,5.0,26.5,31.5,1
178,2024,80.0,9,19.0,0.8989999999998872,0.0,16.0,16.0,1
179,2024,80.0,16,90.0,1.8350000000009457,6.0,22.0,6.5,0
180,2024,80.0,17,247.0,0.2349999999969441,0.0,13.5,13.5,1
181,2024,96.0,13,19.0,0.7019999999997708,0.0,16.0,16.0,1
182,2024,96.0,3,141.0,1.1749999999992724,0.0,17.5,14.5,0
183,2024,96.0,4,189.0,1.6660000000010768,10.0,12.0,19.5,0
184,2024,96.0,4,246.0,1.4840000000003783,0.0,14.5,14.5,1
185,2024,96.0,7,361.0,1.5240000000048894,17.0,12.5,29.5,0
186,2024,96.0,7,417.0,1.6869999999980791,3.0,27.0,29.0,0
187,2024,96.0,2,529.0,9.361000000004424,12.0,17.0,29.0,0
188,2024,57.0,14,19.0,0.8930000000000291,0.0,16.0,16.0,0
189,2024,57.0,5,141.0,0.6239999999997963,0.0,11.5,10.5,0
190,2024,57.0,8,174.0,0.2779999999984284,1.0,20.0,29.0,1
191,2024,57.0,5,199.0,5.8400000000001455,0.0,22.5,24.5,1
192,2024,57.0,2,246.0,1.103000000002794,0.0,12.5,12.5,1
193,2024,27.0,18,19.0,3.48700000000008,0.0,16.0,16.0,0
194,2024,120.0,19,19.0,0.5019999999999527,0.0,16.0,16.0,0
195,2024,120.0,15,51.0,9.076000000000022,0.0,27.0,27.0,0
196,2024,120.0,7,141.0,3.5800000000017462,0.0,12.5,13.0,1
197,2024,120.0,9,176.0,7.260000000002037,23.0,20.0,24.5,0
198,2024,120.0,9,199.0,0.9089999999996508,0.0,20.0,21.0,1
199,2024,120.0,10,246.0,2.0560000000004948,0.0,12.0,14.0,1
200,2024,120.0,7,336.0,1.5899999999965075,1.0,27.0,29.0,1
201,2024,120.0,10,411.0,5.09599999999773,8.0,21.0,28.5,0
202,2024,120.0,10,484.0,4.831999999994878,17.0,12.5,28.5,1
203,2024,44.0,20,19.0,0.7390000000000327,0.0,16.0,16.0,0
204,2024,44.0,14,199.0,0.955999999998312,0.0,20.0,21.0,0
205,2024,44.0,14,246.0,0.9689999999973224,0.0,12.0,11.5,0
206,2024,92.0,21,19.0,0.8939999999997781,0.0,16.0,16.0,0
207,2022,96.0,5,82.0,2.97899999999936,0.0,23.5,24.5,0
208,2022,96.0,4,99.0,1.653999999998632,0.0,13.5,13.0,1
209,2022,96.0,4,149.0,3.950000000000728,0.0,20.0,21.0,1
210,2022,96.0,3,163.0,2.4570000000021537,0.0,11.0,11.0,0
211,2022,96.0,7,187.0,1.8179999999993013,0.0,19.5,19.5,1
212,2022,96.0,4,213.0,4.401999999998225,4.0,24.5,28.5,1
213,2022,16.0,13,133.0,5.005000000001019,0.0,16.0,16.0,1
214,2022,16.0,12,167.0,0.694999999999709,6.0,16.5,20.0,1
215,2022,16.0,11,228.0,8.557999999997264,2.0,26.0,27.0,0
216,2022,16.0,11,255.0,1.227999999995518,3.0,26.0,27.0,1
217,2022,1.0,2,78.0,0.7430000000003929,4.0,19.0,26.0,0
218,2022,47.0,3,26.0,6.2150000000001455,1.0,25.0,26.0,0
219,2022,47.0,4,82.0,1.7309999999997672,0.0,23.5,23.5,0
220,2022,47.0,9,99.0,0.9870000000009896,0.0,13.5,13.0,0
221,2022,47.0,6,131.0,7.755000000001019,18.0,12.0,20.0,0
222,2022,28.0,5,26.0,1.425000000000182,2.0,25.0,27.0,1
223,2022,28.0,2,53.0,7.275000000000546,5.0,26.0,29.0,1
224,2022,28.0,4,163.0,3.5159999999996217,0.0,11.0,11.0,1
225,2022,28.0,3,242.0,4.334000000002561,3.0,26.0,28.0,1
226,2022,28.0,2,266.0,2.8920000000071013,2.0,23.0,21.0,0
227,2022,21.0,3,99.0,3.610000000000582,0.0,13.5,13.0,1
228,2022,21.0,6,163.0,2.1970000000001164,0.0,11.0,11.0,0
229,2022,21.0,6,187.0,2.103000000002794,0.0,19.5,19.5,0
230,2022,66.0,3,82.0,7.268000000000029,0.0,24.5,10.5,0
231,2022,66.0,10,95.0,1.3890000000010332,4.0,11.0,13.5,0
232,2022,66.0,13,148.0,1.6129999999975553,0.0,11.5,11.5,1
233,2022,66.0,11,279.0,3.508999999998196,0.0,20.0,23.0,0
234,2022,12.0,9,13.0,1.0419999999999163,15.0,12.0,27.0,1
235,2022,12.0,7,99.0,2.496000000001004,0.0,13.0,13.5,0
236,2022,12.0,5,149.0,1.069999999999709,0.0,14.0,4.0,0
237,2022,12.0,7,163.0,2.9939999999987776,0.0,11.0,11.0,0
238,2022,12.0,5,187.0,0.9290000000000872,0.0,19.5,19.5,1
239,2022,12.0,5,267.0,9.974999999998545,0.0,20.0,20.0,1
240,2022,59.0,7,82.0,3.448999999998705,0.0,24.5,23.5,0
241,2022,59.0,5,99.0,4.478000000000975,0.0,13.5,13.0,1
242,2022,59.0,6,149.0,6.941999999999098,0.0,19.0,19.0,0
243,2022,59.0,8,163.0,2.563000000001921,0.0,11.0,11.0,1
244,2022,39.0,5,27.0,7.891000000000076,2.0,26.0,28.0,1
245,2022,39.0,10,42.0,5.393000000000029,15.0,14.0,28.0,0
246,2022,57.0,8,13.0,0.1169999999999618,12.0,12.0,24.0,1
247,2022,57.0,4,40.0,1.2530000000006112,15.0,26.0,28.0,1
248,2022,57.0,6,82.0,1.2200000000011642,0.0,10.5,23.5,1
249,2022,57.0,2,99.0,0.7970000000004802,15.0,13.5,25.5,1
250,2022,57.0,2,149.0,5.4870000000009895,0.0,19.0,18.0,0
251,2022,57.0,2,163.0,3.360000000000582,0.0,11.0,11.5,1
252,2022,44.0,10,83.0,5.611000000000786,0.0,20.5,24.0,1
253,2022,44.0,6,99.0,4.701999999999316,0.0,13.0,13.5,0
254,2022,44.0,6,125.0,7.098999999998341,1.0,22.0,23.0,0
255,2022,44.0,7,149.0,0.8330000000023574,0.0,21.0,20.0,0
256,2022,44.0,5,163.0,1.6419999999998254,0.0,11.0,11.0,1
257,2022,44.0,3,187.0,1.4749999999985448,0.0,19.5,19.5,1
258,2022,70.0,15,27.0,1.2899999999999636,14.0,20.0,27.0,1
259,2022,70.0,10,82.0,7.907000000001062,1.0,23.5,24.0,0
260,2022,70.0,9,163.0,8.567999999999302,0.0,10.5,10.5,1
261,2022,70.0,2,187.0,1.4110000000000582,0.0,19.5,19.5,1
262,2022,70.0,2,212.0,0.8689999999987776,4.0,23.5,27.5,0
263,2022,99.0,13,13.0,5.226000000000113,14.0,12.0,25.0,0
264,2022,99.0,11,158.0,0.9819999999999708,6.0,25.5,11.5,1
265,2022,99.0,9,187.0,0.7410000000018044,0.0,18.5,19.5,1
266,2022,42.0,11,83.0,3.5239999999994325,0.0,22.5,20.5,0
267,2022,42.0,10,99.0,4.702000000001135,0.0,13.0,13.5,1
268,2022,32.0,7,27.0,1.1289999999999054,28.0,25.0,28.0,0
269,2022,32.0,8,55.0,5.518000000000029,0.0,20.0,27.0,0
270,2022,32.0,9,83.0,0.5389999999988504,0.0,24.0,7.0,0
271,2022,32.0,8,99.0,2.196999999998297,0.0,13.0,13.5,0
272,2022,32.0,4,187.0,1.0139999999992142,0.0,19.5,19.5,1
273,2022,32.0,4,267.0,4.472000000001572,0.0,22.0,22.0,1
274,2023,93.0,5,55.0,2.24199999999928,0.0,19.0,19.0,0
275,2023,93.0,9,129.0,3.763999999999214,0.0,9.5,13.0,0
276,2023,93.0,8,182.0,7.288999999997031,0.0,15.5,14.0,1
277,2023,12.0,6,55.0,2.4680000000007567,0.0,19.0,18.5,1
278,2023,12.0,9,85.0,0.4850000000005821,0.0,24.0,24.0,1
279,2023,12.0,10,155.0,0.694999999999709,6.0,23.0,29.0,1
280,2023,12.0,4,182.0,2.3070000000006985,0.0,21.0,16.0,0
281,2023,12.0,7,203.0,1.853000000002794,0.0,16.5,16.5,1
282,2023,12.0,8,227.0,3.264999999999418,6.0,22.5,28.5,1
283,2023,1.0,2,55.0,5.456000000000131,0.0,19.0,21.5,1
284,2023,1.0,2,129.0,0.4179999999978463,8.0,13.0,14.5,1
285,2023,1.0,2,182.0,3.4719999999979336,0.0,17.0,20.0,1
286,2023,23.0,7,26.0,0.3419999999996435,1.0,24.0,25.0,0
287,2023,23.0,20,45.0,7.333999999999833,11.0,11.0,19.5,0
288,2023,96.0,3,55.0,5.97899999999936,0.0,21.5,19.0,0
289,2023,96.0,6,76.0,1.22400000000016,10.0,19.0,29.0,1
290,2023,96.0,3,129.0,1.618000000002212,0.0,21.0,21.0,1
291,2023,96.0,5,183.0,4.996999999999389,20.0,14.5,16.5,0
292,2023,96.0,5,203.0,3.3149999999986903,0.0,16.0,16.0,1
293,2023,96.0,10,256.0,9.435000000004948,0.0,22.0,28.0,0
294,2023,16.0,7,12.0,0.6390000000001237,16.0,10.0,26.0,0
295,2023,16.0,14,32.0,6.7979999999997744,0.0,17.0,17.0,1
296,2023,16.0,10,55.0,0.6529999999993379,0.0,19.0,19.0,0
297,2023,16.0,6,77.0,6.503000000000611,9.0,20.0,29.0,1
298,2023,16.0,6,129.0,5.044000000001688,0.0,19.5,9.5,0
299,2023,16.0,3,182.0,2.574000000000524,0.0,15.5,21.0,1
300,2023,16.0,11,203.0,1.9180000000014843,0.0,16.5,16.5,0
301,2023,16.0,12,224.0,7.881000000001222,6.0,19.0,25.5,1
302,2023,16.0,10,244.0,0.5800000000017462,14.0,19.0,25.0,1
303,2023,16.0,4,264.0,4.028999999994994,6.0,19.0,8.5,0
304,2023,78.0,18,55.0,4.686999999999898,0.0,15.5,22.0,1
305,2023,78.0,12,155.0,8.90899999999965,0.0,23.0,23.0,0
306,2023,78.0,9,182.0,3.625,0.0,14.0,15.5,0
307,2023,78.0,12,203.0,2.1299999999973807,0.0,16.5,15.5,0
308,2023,47.0,15,55.0,1.8419999999996437,0.0,22.0,19.0,0
309,2023,47.0,7,182.0,0.853000000002794,0.0,18.0,14.0,1
310,2023,70.0,15,75.0,0.4279999999998836,10.0,17.5,28.0,1
311,2023,70.0,8,94.0,0.3950000000004365,23.0,18.0,30.0,0
312,2023,70.0,13,125.0,0.875,5.0,16.0,17.0,0
313,2023,70.0,6,203.0,0.9290000000000872,0.0,16.5,16.5,1
314,2023,83.0,16,55.0,0.8230000000003201,0.0,18.5,10.5,0
315,2023,83.0,14,182.0,4.8729999999995925,0.0,14.0,18.0,0
316,2023,83.0,14,203.0,3.994999999998981,0.0,15.5,16.5,0
317,2023,91.0,11,55.0,2.7490000000007058,0.0,19.0,19.0,0
318,2023,91.0,9,203.0,1.370999999999185,0.0,16.0,16.0,0
319,2023,91.0,6,257.0,5.514000000002852,4.0,22.0,27.0,1
320,2023,91.0,2,278.0,2.0649999999950523,2.0,14.5,13.5,0
321,2023,21.0,13,55.0,0.774000000000342,0.0,19.0,18.5,0
322,2023,27.0,12,55.0,2.081999999999425,0.0,18.5,19.0,0
323,2023,27.0,7,77.0,4.244000000000597,8.0,20.0,28.0,0
324,2023,27.0,4,129.0,0.8339999999989232,0.0,21.0,21.0,1
325,2023,27.0,4,203.0,0.8179999999993015,0.0,16.5,16.5,1
326,2023,44.0,7,55.0,0.7069999999994252,0.0,19.0,19.0,1
327,2023,44.0,8,129.0,1.800999999999476,0.0,11.5,12.5,1
328,2023,44.0,5,182.0,0.8839999999981956,0.0,16.0,15.5,1
329,2023,44.0,2,203.0,4.552999999999884,2.0,16.5,17.5,1
330,2023,80.0,8,55.0,1.23700000000008,0.0,18.5,18.5,1
331,2023,57.0,4,55.0,4.77100000000064,0.0,19.0,19.0,1
332,2023,57.0,5,129.0,3.0339999999996508,0.0,11.5,11.5,1
333,2023,57.0,6,182.0,2.358000000000174,1.0,18.5,14.5,1
334,2023,32.0,12,182.0,3.9760000000023865,0.0,10.0,18.5,0
335,2023,32.0,3,203.0,0.92699999999968,0.0,16.5,16.5,1
336,2023,66.0,14,55.0,1.0010000000002035,0.0,19.0,19.0,0
337,2023,66.0,15,182.0,2.3509999999987485,0.0,14.0,14.0,0
338,2023,66.0,15,203.0,0.9910000000018044,0.0,16.0,16.0,1
339,2023,77.0,17,55.0,6.582000000000335,0.0,10.5,15.5,1
340,2023,77.0,11,129.0,3.60399999999936,0.0,11.5,21.0,0
341,2023,77.0,13,156.0,7.296000000002095,8.0,24.0,30.0,1
342,2023,77.0,11,182.0,2.0869999999995343,0.0,14.0,9.0,1
343,2023,77.0,8,203.0,0.7809999999990396,0.0,16.5,15.5,1
344,2023,77.0,2,279.0,2.059999999997672,1.0,14.5,13.5,0
345,2023,92.0,9,55.0,0.5950000000002547,0.0,18.0,21.0,0
346,2023,92.0,10,182.0,0.9650000000001456,0.0,13.0,17.0,0
347,2023,92.0,10,203.0,0.592000000000553,0.0,15.5,16.5,0
348,2023,92.0,7,257.0,2.9769999999989523,1.0,21.0,25.0,1
349,2023,92.0,7,270.0,1.151999999994587,8.0,9.5,11.5,1
350,2024,12.0,4,79.0,2.4950000000008004,0.0,21.5,21.5,1
351,2024,12.0,6,134.0,1.986999999997352,3.0,24.0,27.0,1
352,2024,12.0,3,154.0,6.556000000000495,5.0,19.0,15.0,0
353,2024,12.0,8,228.0,5.029999999998836,5.0,22.5,27.5,1
354,2024,12.0,5,285.0,3.188000000001921,0.0,21.5,16.5,1
355,2024,47.0,2,22.0,2.284000000000105,0.0,19.0,19.0,0
356,2024,47.0,9,79.0,5.647000000000844,0.0,21.0,10.0,1
357,2024,47.0,6,159.0,8.326000000000931,0.0,17.0,2.0,0
358,2024,47.0,14,202.0,9.590999999996711,0.0,13.5,9.0,0
359,2024,47.0,8,233.0,4.515999999999622,5.0,20.0,13.0,1
360,2024,47.0,3,285.0,1.8070000000006985,0.0,17.5,21.5,1
361,2024,78.0,3,22.0,7.36200000000008,0.0,19.0,19.0,1
362,2024,78.0,3,79.0,2.850000000000364,0.0,23.0,21.5,0
363,2024,78.0,3,159.0,5.47899999999936,27.0,19.0,27.5,1
364,2024,78.0,7,202.0,2.6790000000000878,0.0,11.0,12.0,1
365,2024,78.0,4,285.0,1.1929999999993015,0.0,20.5,14.5,0
366,2024,80.0,4,22.0,1.2709999999997308,0.0,19.0,19.0,0
367,2024,80.0,10,79.0,0.4840000000003783,0.0,23.5,23.5,0
368,2024,80.0,12,105.0,5.355999999999767,1.0,24.0,25.0,0
369,2024,45.0,6,22.0,0.30600000000004,0.0,19.0,19.0,1
370,2024,45.0,17,80.0,0.4380000000001018,0.0,22.5,22.0,1
371,2024,45.0,15,160.0,1.4359999999978754,0.0,19.0,19.0,1
372,2024,21.0,5,22.0,4.499000000000251,0.0,19.0,19.0,0
373,2024,21.0,10,159.0,2.344999999997526,0.0,15.5,17.0,0
374,2024,55.0,7,22.0,1.9890000000000327,0.0,19.0,19.0,0
375,2024,34.0,9,22.0,2.643999999999778,0.0,19.0,19.0,1
376,2024,34.0,8,79.0,2.956000000000131,0.0,21.0,19.0,1
377,2024,34.0,4,159.0,1.364000000001397,0.0,16.0,16.0,1
378,2024,34.0,9,202.0,4.556000000000495,0.0,12.0,9.0,0
379,2024,34.0,8,285.0,1.9129999999931897,0.0,16.5,12.5,0
380,2024,96.0,8,22.0,4.873000000000047,0.0,19.0,19.0,1
381,2024,96.0,3,226.0,6.677999999999884,8.0,20.5,28.5,0
382,2024,96.0,7,260.0,5.2409999999945285,2.0,20.5,26.0,1
383,2024,96.0,2,285.0,1.253999999993539,0.0,22.5,17.5,0
384,2024,44.0,11,22.0,0.8850000000002183,0.0,19.0,19.0,1
385,2024,44.0,5,79.0,1.2479999999995923,0.0,21.5,21.5,0
386,2024,44.0,7,159.0,0.7510000000002037,0.0,16.0,14.5,1
387,2024,44.0,6,202.0,0.5289999999986321,0.0,11.0,11.0,1
388,2024,44.0,4,225.0,5.886999999998807,1.0,19.5,20.5,0
389,2024,44.0,5,281.0,3.1019999999989523,4.0,23.0,20.5,1
390,2024,43.0,12,22.0,1.4039999999999964,0.0,19.0,19.0,0
391,2024,43.0,19,79.0,1.793999999999869,1.0,18.5,22.0,0
392,2024,43.0,17,158.0,7.5790000000015425,2.0,15.5,25.0,0
393,2024,27.0,14,22.0,3.2399999999997817,0.0,19.0,19.0,0
394,2024,27.0,11,79.0,0.554999999998472,0.0,19.0,21.0,0
395,2024,27.0,8,153.0,8.46600000000035,6.0,12.0,17.0,1
396,2024,27.0,5,238.0,0.797999999998865,0.0,13.0,13.0,1
397,2024,27.0,6,285.0,0.5290000000022701,0.0,14.5,18.5,1
398,2024,83.0,13,22.0,2.951000000000022,0.0,19.0,19.0,0
399,2024,83.0,6,79.0,2.7999999999992724,0.0,21.5,21.5,1
400,2024,66.0,16,22.0,1.125999999999749,0.0,19.0,19.0,1
401,2024,66.0,11,66.0,5.553999999998268,13.0,12.5,23.5,0
402,2024,66.0,12,79.0,2.3590000000003783,0.0,10.0,23.5,0
403,2024,66.0,12,159.0,5.083999999998923,0.0,14.5,17.0,0
404,2024,57.0,4,154.0,0.9599999999991268,5.0,14.0,19.0,1
405,2024,23.0,15,22.0,0.4030000000002474,0.0,19.0,19.0,0
406,2024,23.0,7,79.0,2.9580000000005384,0.0,21.5,21.0,1
407,2024,23.0,8,159.0,4.916999999997643,0.0,16.0,2.5,0
408,2024,23.0,6,238.0,4.856999999999971,23.0,16.0,29.0,1
409,2024,23.0,10,285.0,3.743000000002212,0.0,18.5,22.5,0
410,2024,86.0,17,22.0,4.18100000000004,0.0,19.0,19.0,0
411,2024,13.0,18,80.0,0.5889999999999418,0.0,22.0,26.5,1
412,2024,13.0,13,202.0,9.10200000000259,0.0,10.0,10.0,1
413,2024,13.0,12,285.0,2.695000000006985,0.0,15.0,8.5,0
414,2024,120.0,19,23.0,7.59900000000016,0.0,18.0,18.0,1
415,2024,120.0,14,83.0,2.2839999999996508,27.0,20.0,27.0,0
416,2024,120.0,13,110.0,1.1170000000001892,0.0,24.0,27.5,0
417,2024,120.0,2,159.0,3.5489999999990687,0.0,15.0,16.0,1
418,2024,120.0,9,285.0,0.5410000000047148,0.0,12.5,17.5,1
419,2024,70.0,16,80.0,1.8129999999982829,0.0,22.0,22.5,0
420,2024,70.0,5,159.0,3.64600000000064,0.0,17.0,16.0,1
421,2024,70.0,4,238.0,0.6320000000014261,24.0,14.0,26.0,1
422,2022,32.0,2,22.0,0.5489999999999782,4.0,19.0,21.5,1
423,2022,32.0,3,38.0,0.8900000000003274,24.0,10.0,30.5,1
424,2022,32.0,3,67.0,1.485000000000582,9.0,25.0,34.0,0
425,2022,96.0,2,62.0,7.790000000000873,1.0,30.5,31.5,0
426,2022,96.0,2,87.0,8.430999999998676,8.0,24.0,33.0,1
427,2022,96.0,7,109.0,0.8909999999996217,7.0,21.0,25.0,0
428,2022,12.0,3,22.0,1.2100000000000364,4.0,19.0,21.5,1
429,2022,1.0,4,19.0,2.0460000000002765,3.0,16.0,19.0,0
430,2022,1.0,4,38.0,6.546999999999571,0.0,12.5,10.0,1
431,2022,1.0,3,61.0,0.9869999999991704,1.0,19.0,30.5,1
432,2022,1.0,5,133.0,0.9530000000013388,0.0,9.5,9.5,1
433,2022,16.0,4,21.0,2.5579999999999927,1.0,18.0,19.0,0
434,2022,16.0,15,59.0,5.55699999999888,0.0,17.0,17.0,1
435,2022,16.0,8,125.0,5.501000000000204,8.0,32.0,22.5,0
436,2022,57.0,5,38.0,0.7430000000003929,22.0,29.0,26.5,1
437,2022,47.0,2,26.0,1.2640000000001237,0.0,21.5,21.5,0
438,2022,47.0,6,108.0,0.3129999999982829,8.0,26.0,31.0,0
439,2022,39.0,4,58.0,0.4929999999994834,3.0,24.5,19.0,0
440,2022,39.0,5,113.0,3.2269999999989523,3.0,23.0,25.0,0
441,2022,59.0,7,22.0,1.0719999999996617,0.0,19.0,19.0,0
442,2022,59.0,8,38.0,2.4989999999997963,1.0,10.0,8.5,1
443,2022,59.0,10,61.0,7.226000000000567,11.0,19.0,29.5,0
444,2022,59.0,12,86.0,5.647000000000844,22.0,24.0,26.0,0
445,2022,59.0,11,145.0,7.062000000001717,0.0,29.5,29.5,1
446,2022,21.0,4,26.0,1.3829999999998108,37.0,21.5,31.5,1
447,2022,27.0,12,19.0,0.8019999999996799,2.0,16.0,18.0,1
448,2022,27.0,6,38.0,3.475000000000364,20.0,12.5,24.5,1
449,2022,70.0,11,21.0,1.461999999999989,5.0,18.0,21.5,1
450,2022,70.0,7,38.0,1.77599999999984,0.0,10.5,12.5,0
451,2022,70.0,9,60.0,0.4659999999985302,15.0,18.0,32.5,1
452,2022,44.0,5,26.0,0.7590000000000146,12.0,21.5,10.0,0
453,2022,44.0,3,75.0,0.6699999999982538,9.0,33.0,23.0,1
454,2022,99.0,12,22.0,0.2719999999999345,0.0,19.0,19.0,1
455,2022,99.0,10,60.0,2.308000000000902,12.0,26.5,29.5,0
456,2022,42.0,13,22.0,9.797000000000024,4.0,19.0,2.0,0
457,2022,42.0,4,75.0,0.2280000000009749,20.0,32.5,33.0,1
458,2022,42.0,4,109.0,6.5239999999994325,7.0,13.0,31.0,1
459,2023,78.0,2,77.0,5.147000000000844,12.0,23.0,32.0,1
460,2023,78.0,11,112.0,0.8080000000009022,0.0,11.0,33.0,1
461,2023,12.0,2,16.0,6.636999999999944,0.0,13.5,13.5,1
462,2023,12.0,2,112.0,5.712999999999738,0.0,20.0,33.0,1
463,2023,83.0,3,16.0,1.0360000000000582,0.0,13.5,13.5,1
464,2023,1.0,4,16.0,0.72199999999998,0.0,13.5,13.5,1
465,2023,42.0,5,14.0,7.863000000000056,2.0,11.5,13.5,0
466,2023,70.0,17,34.0,5.786000000000058,10.0,10.5,15.5,1
467,2023,70.0,16,132.0,2.863999999999578,20.0,17.5,20.0,0
468,2023,32.0,4,20.0,2.0329999999999018,33.0,15.5,31.5,1
469,2023,32.0,6,112.0,5.354000000001179,0.0,16.0,18.0,1
470,2023,27.0,9,20.0,4.167000000000371,0.0,15.5,15.5,0
471,2023,27.0,3,112.0,2.129000000000815,0.0,20.0,20.0,0
472,2023,27.0,3,131.0,6.1159999999999854,17.0,17.0,34.0,1
473,2023,96.0,5,20.0,1.6149999999997815,0.0,15.5,1.5,0
474,2023,96.0,4,112.0,1.412000000000262,0.0,19.0,20.0,1
475,2023,96.0,5,135.0,4.95299999999952,14.0,21.0,34.5,1
476,2023,91.0,8,20.0,0.7639999999996689,0.0,15.5,15.5,0
477,2023,91.0,19,49.0,9.426000000000386,8.0,14.0,31.5,0
478,2023,80.0,15,20.0,0.4230000000002292,0.0,15.5,15.5,0
479,2023,57.0,6,20.0,0.4830000000001746,0.0,15.5,15.5,1
480,2023,44.0,7,20.0,3.284000000000105,27.0,15.5,26.5,1
481,2023,44.0,9,42.0,1.0799999999999272,15.0,18.5,33.5,1
482,2023,16.0,13,15.0,2.7390000000000327,5.0,12.5,15.5,0
483,2023,16.0,7,43.0,0.9420000000000072,13.0,19.5,32.5,1
484,2023,16.0,6,74.0,0.6720000000004802,2.0,30.0,33.0,1
485,2023,16.0,3,105.0,3.1409999999996217,7.0,30.0,20.0,1
486,2023,23.0,18,20.0,0.9159999999997126,0.0,11.0,11.0,1
487,2023,23.0,8,54.0,2.4719999999997526,3.0,26.5,27.5,1
488,2023,23.0,8,112.0,3.240999999999985,0.0,22.0,11.0,0
489,2023,47.0,14,20.0,2.26299999999992,0.0,15.5,15.5,0
490,2023,47.0,11,44.0,2.6580000000003565,3.0,15.5,26.5,1
491,2023,47.0,11,72.0,0.9310000000004948,2.0,27.0,32.0,0
492,2023,66.0,13,20.0,0.9090000000001056,0.0,15.5,2.0,0
493,2023,66.0,7,112.0,0.9179999999996652,0.0,18.0,4.0,0
494,2023,93.0,10,20.0,0.9989999999997964,0.0,15.5,15.5,1
495,2023,93.0,5,57.0,1.3630000000002838,32.0,27.5,32.0,1
496,2023,93.0,9,112.0,9.278999999998632,0.0,18.0,18.0,0
497,2023,77.0,16,20.0,0.936999999999898,0.0,15.5,15.5,0
498,2023,77.0,12,41.0,9.850000000000364,16.0,17.5,27.5,1
499,2023,77.0,12,73.0,4.337999999999738,18.0,31.0,33.0,0
500,2023,92.0,17,20.0,3.481000000000222,0.0,15.5,15.5,0
501,2023,78.0,2,77.0,5.147000000000844,12.0,23.0,32.0,1
502,2023,78.0,11,112.0,0.8080000000009022,0.0,11.0,33.0,1
503,2023,12.0,2,16.0,6.636999999999944,0.0,13.5,13.5,1
504,2023,12.0,2,112.0,5.712999999999738,0.0,20.0,33.0,1
505,2023,83.0,3,16.0,1.0360000000000582,0.0,13.5,13.5,1
506,2023,1.0,4,16.0,0.72199999999998,0.0,13.5,13.5,1
507,2023,42.0,5,14.0,7.863000000000056,2.0,11.5,13.5,0
508,2023,70.0,17,34.0,5.786000000000058,10.0,10.5,15.5,1
509,2023,70.0,16,132.0,2.863999999999578,20.0,17.5,20.0,0
510,2023,32.0,4,20.0,2.0329999999999018,33.0,15.5,31.5,1
511,2023,32.0,6,112.0,5.354000000001179,0.0,16.0,18.0,1
512,2023,27.0,9,20.0,4.167000000000371,0.0,15.5,15.5,0
513,2023,27.0,3,112.0,2.129000000000815,0.0,20.0,20.0,0
514,2023,27.0,3,131.0,6.1159999999999854,17.0,17.0,34.0,1
515,2023,96.0,5,20.0,1.6149999999997815,0.0,15.5,1.5,0
516,2023,96.0,4,112.0,1.412000000000262,0.0,19.0,20.0,1
517,2023,96.0,5,135.0,4.95299999999952,14.0,21.0,34.5,1
518,2023,91.0,8,20.0,0.7639999999996689,0.0,15.5,15.5,0
519,2023,91.0,19,49.0,9.426000000000386,8.0,14.0,31.5,0
520,2023,80.0,15,20.0,0.4230000000002292,0.0,15.5,15.5,0
521,2023,57.0,6,20.0,0.4830000000001746,0.0,15.5,15.5,1
522,2023,44.0,7,20.0,3.284000000000105,27.0,15.5,26.5,1
523,2023,44.0,9,42.0,1.0799999999999272,15.0,18.5,33.5,1
524,2023,16.0,13,15.0,2.7390000000000327,5.0,12.5,15.5,0
525,2023,16.0,7,43.0,0.9420000000000072,13.0,19.5,32.5,1
526,2023,16.0,6,74.0,0.6720000000004802,2.0,30.0,33.0,1
527,2023,16.0,3,105.0,3.1409999999996217,7.0,30.0,20.0,1
528,2023,23.0,18,20.0,0.9159999999997126,0.0,11.0,11.0,1
529,2023,23.0,8,54.0,2.4719999999997526,3.0,26.5,27.5,1
530,2023,23.0,8,112.0,3.240999999999985,0.0,22.0,11.0,0
531,2023,47.0,14,20.0,2.26299999999992,0.0,15.5,15.5,0
532,2023,47.0,11,44.0,2.6580000000003565,3.0,15.5,26.5,1
533,2023,47.0,11,72.0,0.9310000000004948,2.0,27.0,32.0,0
534,2023,66.0,13,20.0,0.9090000000001056,0.0,15.5,2.0,0
535,2023,66.0,7,112.0,0.9179999999996652,0.0,18.0,4.0,0
536,2023,93.0,10,20.0,0.9989999999997964,0.0,15.5,15.5,1
537,2023,93.0,5,57.0,1.3630000000002838,32.0,27.5,32.0,1
538,2023,93.0,9,112.0,9.278999999998632,0.0,18.0,18.0,0
539,2023,77.0,16,20.0,0.936999999999898,0.0,15.5,15.5,0
540,2023,77.0,12,41.0,9.850000000000364,16.0,17.5,27.5,1
541,2023,77.0,12,73.0,4.337999999999738,18.0,31.0,33.0,0
542,2023,92.0,17,20.0,3.481000000000222,0.0,15.5,15.5,0
543,2023,78.0,2,77.0,5.147000000000844,12.0,23.0,32.0,1
544,2023,78.0,11,112.0,0.8080000000009022,0.0,11.0,33.0,1
545,2023,12.0,2,16.0,6.636999999999944,0.0,13.5,13.5,1
546,2023,12.0,2,112.0,5.712999999999738,0.0,20.0,33.0,1
547,2023,83.0,3,16.0,1.0360000000000582,0.0,13.5,13.5,1
548,2023,1.0,4,16.0,0.72199999999998,0.0,13.5,13.5,1
549,2023,42.0,5,14.0,7.863000000000056,2.0,11.5,13.5,0
550,2023,70.0,17,34.0,5.786000000000058,10.0,10.5,15.5,1
551,2023,70.0,16,132.0,2.863999999999578,20.0,17.5,20.0,0
552,2023,32.0,4,20.0,2.0329999999999018,33.0,15.5,31.5,1
553,2023,32.0,6,112.0,5.354000000001179,0.0,16.0,18.0,1
554,2023,27.0,9,20.0,4.167000000000371,0.0,15.5,15.5,0
555,2023,27.0,3,112.0,2.129000000000815,0.0,20.0,20.0,0
556,2023,27.0,3,131.0,6.1159999999999854,17.0,17.0,34.0,1
557,2023,96.0,5,20.0,1.6149999999997815,0.0,15.5,1.5,0
558,2023,96.0,4,112.0,1.412000000000262,0.0,19.0,20.0,1
559,2023,96.0,5,135.0,4.95299999999952,14.0,21.0,34.5,1
560,2023,91.0,8,20.0,0.7639999999996689,0.0,15.5,15.5,0
561,2023,91.0,19,49.0,9.426000000000386,8.0,14.0,31.5,0
562,2023,80.0,15,20.0,0.4230000000002292,0.0,15.5,15.5,0
563,2023,57.0,6,20.0,0.4830000000001746,0.0,15.5,15.5,1
564,2023,44.0,7,20.0,3.284000000000105,27.0,15.5,26.5,1
565,2023,44.0,9,42.0,1.0799999999999272,15.0,18.5,33.5,1
566,2023,16.0,13,15.0,2.7390000000000327,5.0,12.5,15.5,0
567,2023,16.0,7,43.0,0.9420000000000072,13.0,19.5,32.5,1
568,2023,16.0,6,74.0,0.6720000000004802,2.0,30.0,33.0,1
569,2023,16.0,3,105.0,3.1409999999996217,7.0,30.0,20.0,1
570,2023,23.0,18,20.0,0.9159999999997126,0.0,11.0,11.0,1
571,2023,23.0,8,54.0,2.4719999999997526,3.0,26.5,27.5,1
572,2023,23.0,8,112.0,3.240999999999985,0.0,22.0,11.0,0
573,2023,47.0,14,20.0,2.26299999999992,0.0,15.5,15.5,0
574,2023,47.0,11,44.0,2.6580000000003565,3.0,15.5,26.5,1
575,2023,47.0,11,72.0,0.9310000000004948,2.0,27.0,32.0,0
576,2023,66.0,13,20.0,0.9090000000001056,0.0,15.5,2.0,0
577,2023,66.0,7,112.0,0.9179999999996652,0.0,18.0,4.0,0
578,2023,93.0,10,20.0,0.9989999999997964,0.0,15.5,15.5,1
579,2023,93.0,5,57.0,1.3630000000002838,32.0,27.5,32.0,1
580,2023,93.0,9,112.0,9.278999999998632,0.0,18.0,18.0,0
581,2023,77.0,16,20.0,0.936999999999898,0.0,15.5,15.5,0
582,2023,77.0,12,41.0,9.850000000000364,16.0,17.5,27.5,1
583,2023,77.0,12,73.0,4.337999999999738,18.0,31.0,33.0,0
584,2023,92.0,17,20.0,3.481000000000222,0.0,15.5,15.5,0
585,2022,1.0,2,128.0,1.1410000000014406,21.0,22.0,41.5,1
586,2022,1.0,3,273.0,0.5879999999997381,0.0,23.0,24.0,0
587,2022,1.0,6,353.0,1.5270000000018626,1.0,30.0,40.0,1
588,2022,42.0,2,28.0,4.204000000000178,0.0,24.5,24.5,0
589,2022,42.0,8,72.0,0.4920000000001892,0.0,33.0,33.0,1
590,2022,42.0,8,102.0,1.3870000000006255,0.0,26.5,27.0,0
591,2022,32.0,3,28.0,4.123000000000047,0.0,24.5,24.5,1
592,2022,32.0,10,59.0,1.5670000000009168,0.0,17.0,27.0,0
593,2022,32.0,5,102.0,1.7080000000005384,0.0,27.0,34.0,1
594,2022,32.0,6,128.0,1.9470000000001164,0.0,22.0,22.0,1
595,2022,32.0,2,163.0,3.184000000001106,0.0,31.0,31.0,0
596,2022,12.0,7,22.0,1.858999999999924,6.0,21.0,24.5,1
597,2022,12.0,2,59.0,4.677999999999884,0.0,27.0,27.0,0
598,2022,12.0,4,102.0,2.430000000000291,0.0,34.0,34.0,1
599,2022,12.0,7,128.0,2.513999999999214,0.0,22.0,22.0,0
600,2022,57.0,4,28.0,2.333000000000084,0.0,24.5,24.5,1
601,2022,57.0,4,59.0,1.431999999999789,0.0,27.0,27.0,0
602,2022,57.0,5,128.0,0.8250000000007276,0.0,22.0,22.0,0
603,2022,57.0,3,163.0,0.5339999999996508,0.0,31.0,31.0,0
604,2022,57.0,5,189.0,0.4800000000032014,17.0,24.0,41.0,0
605,2022,57.0,5,273.0,2.60399999999936,0.0,29.5,29.5,1
606,2022,27.0,5,28.0,0.7390000000000327,0.0,24.5,24.5,0
607,2022,27.0,8,59.0,2.0799999999999272,0.0,27.0,27.0,1
608,2022,27.0,10,102.0,1.440999999998894,0.0,26.5,27.0,0
609,2022,27.0,10,128.0,4.185999999999694,0.0,21.5,21.5,1
610,2022,27.0,6,163.0,1.4390000000003056,0.0,31.0,31.0,1
611,2022,16.0,6,28.0,2.013999999999669,0.0,24.5,24.5,0
612,2022,16.0,11,59.0,5.97899999999936,0.0,27.0,27.0,1
613,2022,16.0,9,102.0,0.6239999999997963,0.0,27.0,26.5,1
614,2022,16.0,9,128.0,3.5310000000008586,0.0,21.5,21.5,1
615,2022,16.0,4,163.0,6.689000000000306,0.0,31.0,31.0,0
616,2022,16.0,7,274.0,0.91899999999805,1.0,24.0,26.0,1
617,2022,21.0,10,28.0,1.3470000000002074,0.0,24.5,24.5,0
618,2022,21.0,7,59.0,2.8729999999995925,0.0,27.0,27.0,0
619,2022,21.0,7,102.0,4.893000000000029,0.0,27.0,26.5,0
620,2022,21.0,8,163.0,2.790999999999258,0.0,10.5,3.5,0
621,2022,21.0,8,274.0,0.9809999999997672,0.0,22.0,35.0,1
622,2022,47.0,8,28.0,2.9270000000001346,0.0,24.5,24.5,0
623,2022,47.0,13,59.0,0.5780000000004293,0.0,27.0,27.0,0
624,2022,96.0,7,28.0,0.938000000000102,0.0,24.5,24.5,1
625,2022,96.0,3,59.0,2.6419999999998254,0.0,27.0,27.0,1
626,2022,96.0,3,102.0,5.091999999998734,0.0,34.0,34.0,0
627,2022,96.0,4,128.0,0.4709999999995489,0.0,22.0,22.0,0
628,2022,96.0,5,156.0,6.726000000000568,7.0,26.0,31.0,1
629,2022,96.0,2,273.0,9.971000000001368,0.0,24.0,28.0,0
630,2022,70.0,11,28.0,1.7609999999999673,0.0,24.5,24.5,1
631,2022,70.0,6,59.0,1.9089999999996508,0.0,27.0,27.0,1
632,2022,70.0,5,93.0,0.945000000001528,9.0,27.5,34.0,0
633,2022,66.0,9,28.0,0.4009999999998399,0.0,24.5,24.5,1
634,2022,66.0,5,59.0,0.5160000000005311,0.0,27.0,27.0,0
635,2022,66.0,6,102.0,0.8230000000003201,0.0,27.0,27.0,0
636,2022,66.0,5,163.0,0.3739999999997963,0.0,31.0,31.0,1
637,2022,66.0,4,273.0,7.348999999998341,0.0,20.5,23.0,0
638,2022,44.0,12,28.0,1.018999999999778,0.0,24.5,24.5,1
639,2022,44.0,9,59.0,1.570999999999913,0.0,27.0,17.0,0
640,2022,99.0,13,28.0,0.7850000000003092,0.0,24.5,2.5,0
641,2022,99.0,12,59.0,1.0799999999999272,0.0,27.0,27.0,1
642,2023,27.0,4,68.0,5.7549999999992,4.0,15.5,17.5,1
643,2023,27.0,10,226.0,4.623999999999796,0.0,27.5,27.5,1
644,2023,27.0,7,329.0,2.216000000000349,0.0,21.5,28.5,0
645,2023,83.0,7,72.0,1.0859999999993306,0.0,17.5,17.5,1
646,2023,12.0,5,72.0,1.936999999999898,0.0,17.5,17.5,1
647,2023,12.0,5,184.0,3.275999999998021,11.0,23.5,32.0,0
648,2023,97.0,4,15.0,1.1459999999999582,35.0,10.0,42.0,0
649,2023,97.0,3,72.0,1.8729999999995923,0.0,17.5,17.5,0
650,2023,97.0,8,166.0,0.3719999999993888,29.0,9.5,32.0,0
651,2023,97.0,11,195.0,1.5339999999996508,0.0,25.0,32.0,0
652,2023,97.0,7,226.0,0.8410000000003492,0.0,27.5,27.5,1
653,2023,97.0,3,329.0,1.2669999999998254,0.0,21.5,21.5,1
654,2023,57.0,5,15.0,2.833000000000084,0.0,10.0,10.0,1
655,2023,57.0,2,226.0,1.8620000000009893,0.0,27.5,27.5,1
656,2023,57.0,2,284.0,1.151000000001659,27.0,17.5,41.0,1
657,2023,66.0,7,15.0,2.2480000000000477,0.0,10.0,10.0,0
658,2023,66.0,13,49.0,8.081999999999425,3.0,28.0,32.0,0
659,2023,66.0,9,226.0,1.224000000001979,0.0,27.5,27.5,1
660,2023,66.0,7,284.0,6.201000000000931,0.0,17.5,17.5,1
661,2023,66.0,8,303.0,0.6630000000004657,5.0,17.0,22.0,0
662,2023,1.0,8,15.0,0.446999999999889,0.0,10.0,10.0,1
663,2023,32.0,2,72.0,6.932999999999993,0.0,17.5,18.0,0
664,2023,32.0,3,226.0,5.485999999997148,0.0,27.5,27.5,1
665,2023,32.0,10,329.0,2.805000000000291,0.0,15.0,41.5,1
666,2023,47.0,13,72.0,2.5950000000002547,0.0,16.5,16.5,1
667,2023,16.0,10,15.0,2.368000000000165,0.0,10.0,10.0,1
668,2023,16.0,12,72.0,1.3179999999993015,4.0,16.5,3.5,1
669,2023,16.0,3,284.0,7.360999999997148,0.0,11.5,17.5,1
670,2023,16.0,2,310.0,1.6130000000011933,1.0,24.0,41.0,1
671,2023,16.0,4,329.0,2.1239999999997963,0.0,16.5,24.5,1
672,2023,96.0,13,15.0,0.7010000000000218,0.0,10.0,10.0,1
673,2023,96.0,6,72.0,0.6290000000008149,0.0,17.5,17.5,0
674,2023,96.0,8,226.0,5.034999999999855,0.0,27.5,27.5,1
675,2023,96.0,9,242.0,3.5940000000009604,24.0,14.0,38.0,1
676,2023,96.0,7,302.0,1.1970000000001164,2.0,16.0,18.0,1
677,2023,96.0,5,329.0,1.0750000000007276,0.0,24.5,22.5,1
678,2023,78.0,4,72.0,2.706000000000131,0.0,17.5,17.5,1
679,2023,78.0,8,155.0,0.3389999999999418,40.0,26.0,33.0,0
680,2023,78.0,4,226.0,3.106999999999971,0.0,27.5,27.5,1
681,2023,78.0,4,308.0,1.9140000000006692,17.0,22.0,39.0,1
682,2023,78.0,2,329.0,8.284999999999854,0.0,18.5,18.5,1
683,2023,77.0,12,15.0,0.7470000000000709,0.0,10.0,10.0,1
684,2023,77.0,8,72.0,2.7669999999998254,0.0,17.5,17.5,0
685,2023,77.0,9,195.0,0.9989999999997964,0.0,29.5,29.5,1
686,2023,77.0,6,226.0,6.298999999999069,0.0,27.5,27.5,1
687,2023,77.0,7,248.0,0.569999999999709,18.0,20.0,38.0,1
688,2023,77.0,8,284.0,0.7710000000006403,0.0,9.5,9.5,1
689,2023,77.0,6,304.0,1.5639999999984866,21.0,18.0,39.0,1
690,2023,77.0,6,329.0,1.018000000000029,0.0,22.5,21.5,1
691,2023,23.0,14,15.0,1.06899999999996,0.0,10.0,10.0,0
692,2023,23.0,16,74.0,2.037000000000262,0.0,17.5,19.0,0
693,2023,23.0,12,226.0,2.235000000000582,0.0,27.5,27.5,0
694,2023,23.0,9,284.0,5.172999999998865,0.0,11.5,11.5,0
695,2023,23.0,10,300.0,1.047999999998865,3.0,14.0,17.0,1
696,2023,44.0,15,15.0,0.7380000000000564,0.0,10.0,10.0,1
697,2023,44.0,11,40.0,2.130000000000109,10.0,23.5,31.5,0
698,2023,44.0,10,72.0,1.0850000000000364,0.0,16.5,16.5,0
699,2023,44.0,10,195.0,7.1009999999987485,0.0,27.0,25.0,0
700,2023,44.0,11,226.0,2.6819999999970605,0.0,27.5,27.5,0
701,2023,44.0,10,248.0,3.030000000002474,0.0,20.0,20.0,0
702,2023,92.0,17,15.0,0.7970000000000255,0.0,10.0,10.0,0
703,2023,92.0,11,72.0,0.6220000000002983,0.0,16.0,16.0,1
704,2023,80.0,16,15.0,0.9120000000000346,0.0,10.0,10.0,0
705,2023,80.0,9,72.0,6.331000000000131,0.0,16.5,17.5,0
706,2023,80.0,5,226.0,0.4370000000017171,0.0,27.5,27.5,1
707,2023,80.0,3,298.0,4.54399999999805,7.0,30.0,33.0,0
708,2023,80.0,8,329.0,3.07300000000032,0.0,28.5,1.5,1
